full_name,owner,name,category,so_tag
d3/d3,d3,d3,visualization,d3.js
okfn/recline,okfn,recline,visualization,
Kozea/pygal,Kozea,pygal,visualization,pygal
keen/keen-dataviz.js,keen,keen-dataviz.js,visualization,
gka/chroma.js,gka,chroma.js,visualization,
matplotlib/matplotlib,matplotlib,matplotlib,visualization,matplotlib
ecomfe/echarts,ecomfe,echarts,visualization,echarts
Boris-Em/BEMSimpleLineGraph,Boris-Em,BEMSimpleLineGraph,visualization,bemsimplelinegraph
FormidableLabs/victory,FormidableLabs,victory,visualization,victory-charts
mozilla/metrics-graphics,mozilla,metrics-graphics,visualization,metricsgraphicsjs
benpickles/peity,benpickles,peity,visualization,
dc-js/dc.js,dc-js,dc.js,visualization,dc.js
uber/deck.gl,uber,deck.gl,visualization,deck.gl
AnalyticalGraphicsInc/cesium,AnalyticalGraphicsInc,cesium,visualization,envision.js
HumbleSoftware/envisionjs,HumbleSoftware,envisionjs,visualization,envision.js
samizdatco/arbor,samizdatco,arbor,visualization,arbor.js
PMSI-AlignAlytics/dimple,PMSI-AlignAlytics,dimple,visualization,dimple.js
densitydesign/raw,densitydesign,raw,visualization,
jacomyal/sigma.js,jacomyal,sigma.js,visualization,sigma.js
chartjs/Chart.js,chartjs,Chart.js,visualization,chart.js
kartograph/kartograph.js,kartograph,kartograph.js,visualization,kartograph
vega/vega,vega,vega,visualization,vega
gionkunz/chartist-js,gionkunz,chartist-js,visualization,chartist.js
epochjs/epoch,epochjs,epoch,visualization,epoch
Leaflet/Leaflet,Leaflet,Leaflet,visualization,leaflet
stamen/modestmaps-js,stamen,modestmaps-js,visualization,
Netflix/vizceral,Netflix,vizceral,visualization,
